index,smiles,name,opsin_smiles,std_original,std_opsin
14,CC12c3ccccc3C(c3ccccc31)[C@@H]1C(=O)N(NC(=O)c3ccc(Cl)cc3)C(=O)[C@H]12,,,CC12c3ccccc3C(c3ccccc31)c1c2c(O)n(NC(=O)c2ccc(Cl)cc2)c1O,
1368,Oc1ccccc1C1=NN[C@]2(C[C@H]3C[C@H]2[C@@H]2CCC[C@@H]32)S1,"2-((3a'S,4'R,5R,7'S,7a'R)-spiro[1-thia-3,4-diazacyclopent-2-ene-5,6'-(3a,4,5,6,7,7a-hexahydro-4,7-methano-2,3-dihydro-1H-indene)]-2-yl)phenol",,Oc1ccccc1C1=NN[C@]2(C[C@H]3C[C@H]2[C@@H]2CCC[C@@H]32)S1,
1914,C=C(COc1ccccc1[P+]([O-])(O)O)C(=O)Oc1ccccc1[P+]([O-])(O)O,2-(dihydroxyphosphoryl)phenyl 2-(((2-(dihydroxyphosphoryl)phenyl)oxy)methyl)prop-2-enoate,OP(=O)(O)C1=C(C=CC=C1)OCC(C(=O)OC1=C(C=CC=C1)P(=O)(O)O)=C,C=C(COc1ccccc1[P+]([O-])(O)O)C(=O)Oc1ccccc1[P+]([O-])(O)O,C=C(COc1ccccc1P(=O)(O)O)C(=O)Oc1ccccc1P(=O)(O)O
2616,CCOC(=O)c1c(C)nc2ccccc2nc1=NC(=O)C1=CN(Cc2ccccc2)NN1,"ethyl 2-(((1-benzyl-2,3-dihydro-1H-1,2,3-triazol-4-yl)carbonyl)imino)-4-methyl-1H-1,5-benzodiazepine-3-carboxylate",C(C1=CC=CC=C1)N1NNC(=C1)C(=O)N=C1C(C(=NC2=C(N1)C=CC=C2)C)C(=O)OCC,CCOC(=O)c1c(C)nc2ccccc2nc1=NC(=O)C1=CN(Cc2ccccc2)NN1,CCOC(=O)C1C(C)=Nc2ccccc2N=C1NC(=O)C1=CN(Cc2ccccc2)NN1
3231,CCC(=O)NOCCOCCOCC(=O)OCC1c2ccccc2-c2ccccc21,(9H-fluoren-9-yl)methyl 2-((2-((2-(propanamidooxy)ethyl)oxy)ethyl)oxy)acetate,C(CC)NCCOCCOCC(=O)OCC1C2=CC=CC=C2C=2C=CC=CC12,CCC(=O)NOCCOCCOCC(=O)OCC1c2ccccc2-c2ccccc21,CCCNCCOCCOCC(=O)OCC1c2ccccc2-c2ccccc21
3284,O=C(Nc1ccc(Cl)cc1)[C@H]1[C@H]2C(=O)N(c3ccc([N+](=O)[O-])cc3)C(=O)[C@H]2[C@@H]2C=CC=NN21,"(4aS,4bR,7aS,8R)-N-(4-chlorophenyl)-6-(4-nitrophenyl)-5,7-dioxo-4a,8-dihydropyrrolo[3',4':3,4]pyrrolo[1,2-b]pyridazine-8-carboxamide",,O=C(Nc1ccc(Cl)cc1)C1c2c(c(O)n(-c3ccc([N+](=O)[O-])cc3)c2O)[C@@H]2C=CC=NN12,
4009,COc1cc(/C=N/N=C(\CP(c2ccccc2)c2ccccc2)C(C)(C)C)cc(OC)c1OC,,,COc1cc(/C=N/N=C(\CP(c2ccccc2)c2ccccc2)C(C)(C)C)cc(OC)c1OC,
4133,CCc1cccc(C)c1NC(=O)CCSc1c([O-])on[n+]1-c1ccc(OC)cc1,"4-((3-((2-ethyl-6-methylphenyl)amino)-3-oxopropyl)sulfanyl)-3-(4-methoxyphenyl)-1,2,3-oxadiazol-3-ium-5-olate",C(C)C1=C(C(=CC=C1)C)NC(CCSC=1[N+](=NOC1[O-])C1=CC=C(C=C1)OC)=O,CCc1cccc(C)c1NC(=O)CCSc1c(=O)onn1-c1ccc(OC)cc1,CCc1c(NC(=O)CCSc2c(=O)onn2-c2ccc(OC)cc2)c(C)ccc1
4317,O=c1ccn(CCC#C[P+]([O-])(O)O)c(=O)[nH]1,"1-(4-(dihydroxyphosphoryl)but-3-yn-1-yl)pyrimidine-2,4(1H,3H)-dione",OP(=O)(O)C#CCCN1C(NC(C=C1)=O)=O,O=c1ccn(CCC#C[P+]([O-])(O)O)c(=O)[nH]1,O=c1ccn(CCC#CP(=O)(O)O)c(=O)[nH]1
4443,CC(C)C1=NC(C2[NH+]=C(C(C)C)N=C2N)C(=[N+]([O-])[O-])N1,"4-(5-nitro-2-(propan-2-yl)-1H,4H-imidazol-4-yl)-2-(propan-2-yl)-4H-imidazol-3-ium-5-amine",[N+](=O)([O-])C1C(N=C(N1)C(C)C)C1[NH+]=C(N=C1N)C(C)C,CC(C)c1nc(-c2[nH+]c(C(C)C)[nH]c2N)c([NH+]([O-])[O-])[nH]1,CC(C)c1nc(-c2[nH]c(C(C)C)nc2[NH+]([O-])O)c(N)[nH]1
5185,CC1=CC2C3C(=O)N(c4ccccc4)C(=O)C3C1P2(=O)Cc1ccccc1,"5-benzyl-7-methyl-5-oxo-2-phenyl-6,6a-dihydro-7,8-didehydro-4,6-ethano-5lambda^5-phospholo[3,4-c]pyrrole-1,3-dione",C(C1=CC=CC=C1)P1(C2C3C(N(C(C3=C1C=C2C)=O)C2=CC=CC=C2)=O)=O,CC1=CC2c3c(c(O)n(-c4ccccc4)c3O)C1P2(=O)Cc1ccccc1,C=C1C=C2c3c(c(O)n(-c4ccccc4)c3O)C1P2(=O)Cc1ccccc1
5486,CCO[P+]([O-])(OCC)C(Cc1ccc(OC)cc1)N1CCCCC1,diethyl 2-(4-methoxyphenyl)-1-(piperidin-1-yl)ethylphosphonate,COC1=CC=C(C=C1)CC(N1CCCCC1)P(OCC)(OCC)=O,CCO[P+]([O-])(OCC)C(Cc1ccc(OC)cc1)N1CCCCC1,CCOP(=O)(OCC)C(Cc1ccc(OC)cc1)N1CCCCC1
5572,c1ccc([C+]2C[C-](c3ccccc3)C3CCCC23)cc1,"2,4-diphenylbicyclo[3.3.0]octane",C1(=CC=CC=C1)C1C2CCCC2C(C1)C1=CC=CC=C1,c1ccc([C+]2C[C-](c3ccccc3)C3CCCC23)cc1,c1ccc(C2CC(c3ccccc3)C3CCCC23)cc1
5855,CC[C@H](C)O[Si](CC)(CC)CC,(sec-butoxy)triethylsilane,C(C)(CC)O[Si](CC)(CC)CC,CC[C@H](C)O[Si](CC)(CC)CC,CCC(C)O[Si](CC)(CC)CC
6295,CN(/N=C\c1cnc2ccc(-c3cccnc3)cn12)S(=O)(=O)c1ccc(-c2ccccc2)cc1,"(Z)-6-(pyridin-3-yl)imidazo[1,2-a]pyridine-3-carbaldehyde (4-phenylphenylsulfonyl)methylhydrazone",C1(=CC=CC=C1)C1=CC=C(C=C1)S(=O)(=O)CN\N=C/C1=CN=C2N1C=C(C=C2)C=2C=NC=CC2,CN(/N=C\c1cnc2ccc(-c3cccnc3)cn12)S(=O)(=O)c1ccc(-c2ccccc2)cc1,O=S(=O)(CN/N=C\c1cnc2ccc(-c3cccnc3)cn12)c1ccc(-c2ccccc2)cc1
6405,CCC[C@@H](NC(=O)C[C@H]1S/C(=N\N=C/c2ccccc2)NC1=O)C(=O)O,"(1Z)-benzaldehyde (2Z,5R)-5-(2-(((2R)-1-hydroxy-1-oxopentan-2-yl)amino)-2-oxoethyl)-4-oxo-1,3-thiazolidin-2-ylidenehydrazone",,CCCC(NC(=O)Cc1sc(=NN=Cc2ccccc2)[nH]c1O)C(=O)O,
6639,CNc1ccc(/C=N\N=C/c2cc(OC)cc(OC)c2)cc1,,,CNc1ccc(C=NN=Cc2cc(OC)cc(OC)c2)cc1,
7585,NC(N)=N/N=C\c1ccc(-c2cccc(Cl)c2Cl)o1,,,N=C(N)N/N=C\c1ccc(-c2cccc(Cl)c2Cl)o1,
7831,Cc1sc2nc(/C(C#N)=C/c3cccc(Oc4ccccc4)c3)[nH]c(=O)c2c1C,"(2Z)-2-(5,6-dimethyl-4-oxo-3,4-dihydrothieno[2,3-d]pyrimidin-2-yl)-3-(3-phenoxyphenyl)prop-2-enenitrile",CC1=C(SC=2N=C(NC(C21)=O)\C(\C#N)=C/C2=CC(=CC=C2)OC2=CC=CC=C2)C,Cc1sc2[nH]c(/C(C#N)=C/c3cccc(Oc4ccccc4)c3)nc(=O)c2c1C,Cc1sc2[nH]c(/C(C#N)=C\c3cccc(Oc4ccccc4)c3)nc(=O)c2c1C
8272,COc1ccc(/C=N/N=C/c2ccc(N(C)C)cc2)cc1OC,,,COc1ccc(/C=N/N=C/c2ccc(N(C)C)cc2)cc1OC,
8424,CC1(C)C2CNCCC2N2C3CCNCC3C3NCCC1C32,"8,8-dimethylicosahydro-3,5,10,12b-tetraazaindeno[1,2,3-de]anthracene",,CC1(C)C2CNCCC2N2C3CCNCC3C3NCCC1C32,
8630,CSN=[P+](N)[O-],(aminophosphinoylideneaminosulfanyl)methane,,CSN=[P+](N)[O-],
9445,C/C=C(Cl)/C=C(\C=C\C(=N)CN)c1cnn(C)c1-c1cc(Cl)cc(OC2CC2)c1C#N,"2-(4-((2Z,4E,6E)-9-amino-3-chloro-8-iminonona-2,4,6-trien-5-yl)-1-methyl-1H-pyrazol-5-yl)-4-chloro-6-(cyclopropoxy)benzonitrile",NCC(/C=C/C(=C\C(=C\C)\Cl)/C=1C=NN(C1C1=C(C#N)C(=CC(=C1)Cl)OC1CC1)C)=N,CC=C(Cl)CC(=CCC(=N)C=N)c1cnn(C)c1-c1cc(Cl)cc(OC2CC2)c1C#N,C/C=C(\Cl)CC(=CCC(=N)C=N)c1cnn(C)c1-c1cc(Cl)cc(OC2CC2)c1C#N
9892,COc1ccc(/C=N\N=C/c2ccc([N+](=O)[O-])cc2)cc1,,,COc1ccc(/C=N\N=C/c2ccc([N+](=O)[O-])cc2)cc1,
9907,CCc1cc(OCc2ccc(-c3ccccc3/C(N)=N/N=N)cc2)c2ccccc2n1,1-((1Z)-aminomethyl)-2-(4-(((2-ethylquinolin-4-yl)oxy)methyl)phenyl)-N-iminobenzenal hydrazone,,CCc1cc(OCc2ccc(-c3ccccc3C(=N)N=NN)cc2)c2ccccc2n1,
9953,CC12c3ncccc3C(c3cccnc31)C1c3cccnc3C2(C)c2ncccc21,,,CC12c3ncccc3C(c3cccnc31)C1c3cccnc3C2(C)c2ncccc21,
10010,O=[N+]([O-])c1ccc(Cl)cc1C=NN=C1c2ccccc2-c2ccccc21,,,O=[N+]([O-])c1ccc(Cl)cc1C=NN=C1c2ccccc2-c2ccccc21,
10278,COc1cc(C=NN=C(N)c2nonc2N)cc(OC)c1O,,,COc1cc(C=NN=C(N)c2nonc2N)cc(OC)c1O,
11102,COc1ccc(NS(=O)[O-])cc1[N+]1(N)C=NCC1,"1-(2-methoxy-5-oxidosulfinylaminophenyl)-4,5-dihydroimidazol-1-ium-1-amine",COC1=C(C=C(C=C1)NS(=O)=O)[N+]1(C=NCC1)N,COc1ccc(NS(=O)[O-])cc1[N+]1(N)C=NCC1,COc1ccc(N[SH](=O)=O)cc1[N+]1(N)C=NCC1
11185,C=C(C)N/C=C(C)\C(C)=C(\C)CC,"(1Z,3Z)-2,3,4-trimethyl-N-(prop-1-en-2-yl)hexa-1,3-dien-1-amine",C/C(=C/NC(=C)C)/C(=C(\CC)/C)/C,CCC(C)=C(C)C(C)=CN=C(C)C,CC/C(C)=C(/C)C(C)=CN=C(C)C
11677,O=C1Nc2ccccc2C12OCC1(CO2)C[C@@H]2C=C[C@H]1C2,"(1''R,4''R)-1',3'-dioxadispiro[(1,3-dihydro-2H-indole)-3,2'-cyclohexane-5',2''-bicyclo[2.2.1]hept-5-ene]-2-one",,O=C1Nc2ccccc2C12OCC1(CO2)C[C@@H]2C=C[C@H]1C2,
11867,C=C[CH+]C(=O)[N-][c+]1nc2cnccc2c(N2CCc3ccc(Cl)cc32)[n-]1,"N-(5-(6-chloroindolin-1-yl)-2,4,9-triazabicyclo[4.4.0]deca-1,5,7,9-tetraen-3-yl)but-3-enamide",ClC1=CC=C2CCN(C2=C1)C=1NC(N=C2C=NC=CC12)NC(CC=C)=O,C=C[CH+]C(=O)[N-][c+]1nc2cnccc2c(N2CCc3ccc(Cl)cc32)[n-]1,C=CCC(=O)NC1N=C(N2CCc3ccc(Cl)cc32)c2ccncc2N1
12413,C1#CCc2cccc3c2-c2c(cccc2OCCOCCOCCOCCO3)CC#CC=C1,,,C1#CCc2cccc3c2-c2c(cccc2OCCOCCOCCOCCO3)CC#CC=C1,
12839,CN1c2ccc(cc2)CC(O)N(C)c2ccc(cc2)CC1O,"2,9-dimethyl-2,9-diazatricyclo[10.2.2.2^{5,8}]octadeca-1(15),5(17),6,8(18),12(16),13-hexaene-3,10-diol",,CN1c2ccc(cc2)CC(O)N(C)c2ccc(cc2)CC1O,
12888,CC12CCC(CC1=NN=Cc1ccc(Cl)c([N+](=O)[O-])c1)C2(C)C,,,CC12CCC(CC1=NN=Cc1ccc(Cl)c([N+](=O)[O-])c1)C2(C)C,
15075,C=CCN(NC1=Nc2ccccc2C1=O)C(N)=S,1-(((3-oxo-1H-indol-2-yl)amino)(prop-2-en-1-yl)amino)methanethioamide,O=C1C(NC2=CC=CC=C12)NN(C(N)=S)CC=C,C=CCN(N=C1Nc2ccccc2C1=O)C(N)=S,C=CCN(Nc1[nH]c2ccccc2c1O)C(N)=S
15674,CCCCC1[CH-]C=C(CCc2ccc(O)c(OCC[C+]3C=C([C@H](C)CNC[C@H](C)O)C=N3)c2)O1,"4-(2-(5-butyl-4,5-dihydrofuran-2-yl)ethyl)-2-(2-(4-((2S)-1-(((2S)-2-hydroxypropyl)amino)propan-2-yl)-2H-pyrrol-2-yl)ethoxy)phenol",C(CCC)C1CC=C(O1)CCC1=CC(=C(C=C1)O)OCCC1N=CC(=C1)[C@@H](CNC[C@H](C)O)C,CCCCC1CC=C(CCc2ccc([O-])c(OCC[C+]3C=C([C@H](C)CNC[C@H](C)O)C=N3)c2)O1,CCCCC1CC=C(CCc2ccc(O)c(OCCC3C=C([C@H](C)CNC[C@H](C)O)C=N3)c2)O1
15705,CCCCc1cc(C=NN=Cc2cc(CCCC)cc(CCCC)c2)cc(CCCC)c1,,,CCCCc1cc(C=NN=Cc2cc(CCCC)cc(CCCC)c2)cc(CCCC)c1,
15996,NCc1cccc(/C(N)=N/N)c1,3-(aminomethyl)-1-((1Z)-aminomethyl)benzenal hydrazone,,N=C(NN)c1cccc(CN)c1,
16407,CC1OCC2(CC3OC2(C)n2c4ccccc4c4c5c(c6c7ccccc7n3c6c42)C(=O)NC5)O1,,,CC1OCC2(CC3OC2(C)n2c4ccccc4c4c5c(c6c7ccccc7n3c6c42)C(=O)NC5)O1,
16503,c1cccc2s[nH]ncc-2cc1,"2H-cycloocta[e][1,2,3]thiadiazine",S1NN=CC2=C1C=CC=CC=C2,c1cccc2s[nH]ncc-2cc1,c1cccc2s[nH]ncc=2cc1
16632,CC/C=N/N=C/c1ccccc1,(1E)-benzaldehyde propan-1-ylidenehydrazone,,CC/C=N/N=C/c1ccccc1,
16798,O=CC1=Cc2nc3c(nc2=N1)C(C=O)=C(C=O)N=3,"dipyrrolo[2,3-b:2',3'-e]pyrazine-2,3,6-tricarbaldehyde",N1=C(C(=C2C1=NC=1C(=N2)N=C(C1)C=O)C=O)C=O,O=CC1=Cc2nc3c(nc2=N1)C(C=O)=C(C=O)N=3,O=CC1=Nc2nc3c(nc2=C1)N=C(C=O)C=3C=O
18966,O=C(ON1C(=O)CCC1=O)c1c(O)ccc2nc3ccc(=O)cc-3oc12,"2,5-dioxopyrrolidin-1-yl 3-hydroxy-7-oxo-10H-phenoxazine-4-carboxylate",OC=1C=CC=2NC=3C=CC(CC3OC2C1C(=O)ON1C(CCC1=O)=O)=O,O=c1ccc2nc3ccc(=O)c(=C(O)On4c(O)ccc4O)c3oc2c1,O=C(On1c(O)ccc1O)c1c(O)ccc2c1Oc1cc(O)ccc1N2
19498,C=C=C(c1ccccc1)C(C)(C)/C=N\N=C/C(C)(C)C(=C=C)c1ccccc1,,,C=C=C(c1ccccc1)C(C)(C)/C=N\N=C/C(C)(C)C(=C=C)c1ccccc1,
19789,[C-]#CC(C)(C)[P+](c1ccccc1)(c1ccccc1)c1ccccc1,((2-methylbut-3-yn-2-yl)diphenylphosphanyl)benzene,CC(C)(C#C)C1=C(C=CC=C1)P(C1=CC=CC=C1)C1=CC=CC=C1,[C-]#CC(C)(C)[P+](c1ccccc1)(c1ccccc1)c1ccccc1,C#CC(C)(C)c1ccccc1P(c1ccccc1)c1ccccc1
20047,COc1cccc(/C(N)=N/NC(=S)N2CCCC2)n1,2-((1Z)-aminomethyl)-6-methoxypyridinal (pyrrolidin-1-yl(thioxo)methyl)hydrazone,,COc1cccc(C(=N)NNC(=S)N2CCCC2)n1,
20121,NC(CCC(C(CCC(=O)O)C(=O)O)=[P+]([O-])O)C(=O)O,2-amino-6-carboxy-5-(hydroxyphosphinoylidene)nonanedioic acid,,NC(CCC(C(CCC(=O)O)C(=O)O)=[PH+](=O)[O-])C(=O)O,
20499,I[I-][Se][P+](CC[P+]([Se][I-]I)(c1ccccc1)c1ccccc1)(c1ccccc1)c1ccccc1,(((iodolambda^2-iodanyl)selanyl)(2-(((iodolambda^2-iodanyl)selanyl)diphenylphosphanyl)ethyl)(phenyl)phosphanyl)benzene,II[Se]P(C1=CC=CC=C1)(CCP(C1=C(C=CC=C1)[Se]II)C1=CC=CC=C1)C1=CC=CC=C1,I[I-][Se][P+](CC[P+]([Se][I-]I)(c1ccccc1)c1ccccc1)(c1ccccc1)c1ccccc1,I[IH][Se]c1ccccc1P(CC[PH]([Se][IH]I)(c1ccccc1)c1ccccc1)c1ccccc1
23098,CCOc1ccc(OCC)c2c1C1c3ccccc3C2c2ccccc21,,,CCOc1ccc(OCC)c2c1C1c3ccccc3C2c2ccccc21,
23459,O=C1C(=O)c2ccccc2C(O)=C1C1CCC2(CC1)OOC1(O2)C2CCCCCC1CC2,"4-hydroxy-3-(17,18,19-trioxabicyclo[10.5.2]nonadecan-15-yl)naphthalene-1,2-dione",OC1=C(C(C(C2=CC=CC=C12)=O)=O)C1CCC2CCCCCCCCCCC(OC1)OO2,Oc1c(C2=CCC3(CC2)OOC2(O3)C3CCCCCC2CC3)c(O)c2ccccc2c1O,Oc1c(C2=CCC3CCCCCCCCCCC(OC2)OO3)c(O)c2ccccc2c1O
23581,C[O+]=[C-]OC/C=C/c1ccccc1,((1E)-3-(((methyloxidaniumylidene)methyl)oxy)prop-1-en-1-yl)benzene,C[O+]=COC/C=C/C1=CC=CC=C1,C[O+]=[C-]OC/C=C/c1ccccc1,C[O+]=COC/C=C/c1ccccc1
23789,CN(C)c1ccc(C#N)c2c1C1c3ccccc3C2c2ccccc21,,,CN(C)c1ccc(C#N)c2c1C1c3ccccc3C2c2ccccc21,
24520,C=C(C)C(=O)OCCCCC(F)(F)[P+]([O-])(O)O,"5-(dihydroxyphosphoryl)-5,5-difluoropentyl 2-methylprop-2-enoate",CC(C(=O)OCCCCC(F)(F)P(=O)(O)O)=C,C=C(C)C(=O)OCCCCC(F)(F)[P+]([O-])(O)O,C=C(C)C(=O)OCCCCC(F)(F)P(=O)(O)O
25975,Cc1ccccc1CN1[C@@H]2C(=O)C=C[C@H]1[C@@H]1C(=O)N(c3ccccc3)C(=O)C12,"(3aR,4S,8S)-9-((2-methylphenyl)methyl)-2-phenyl-4,8-epimino-4H-cyclohepta[c]pyrrole-1,3,7-trione",,Cc1ccccc1CN1C2C(=O)C=C[C@H]1c1c2c(O)n(-c2ccccc2)c1O,
26022,C[C@H]1C[C@@]2(C)O[C@@](C)(C3c4ccccc4-c4c5c(c6c7ccccc7n2c6c43)C(=O)NC5)[C@H]1C,,,C[C@H]1C[C@@]2(C)O[C@@](C)(C3c4ccccc4-c4c5c(c6c7ccccc7n2c6c43)C(=O)NC5)[C@H]1C,
26495,CN(C)CCN=C1N[NH+]([O-])c2c(ccc3c2CCCO3)[NH+]1[O-],"2-((1,4-dioxido-2,4,8,9,10,10a-hexahydro-1H-pyrano[2',3':1,2]benzo[4,3-e][1,2,4]triazin-1,4-diium-3-ylidene)amino)-N,N-dimethylethan-1-amine",[O-][NH+]1NC([NH+](C2=C1C1C(C=C2)OCCC1)[O-])=NCCN(C)C,CN(C)CCNC1=N[NH+]([O-])c2c(ccc3c2CCCO3)[NH+]1[O-],CN(C)CCNC1=N[NH+]([O-])C2=C(C=CC3OCCCC23)[NH+]1[O-]
26564,CC1N=NC2=C1c1ccccc1CNc1ccccc12,"11-methyl-6,11-dihydro-5H-pyrazolo[3,4-d]dibenzo[b,f]azocine",CC1C=C2C(=C3C(C=4C(N=C2)=CCCC4)=NN=C3)C=C1,CC1N=NC2=C1c1ccccc1CNc1ccccc12,Cc1ccc2c(c1)=CN=C1C=CCCC1=c1[nH]ncc1=2
26739,CCC/C=C(C)\C=C/N,"(1Z,3Z)-3-methylhepta-1,3-dien-1-amine",C\C(\C=C/N)=C\CCC,CCCC=C(C)CC=N,CCC/C=C(/C)CC=N
27243,N/C(=N\N=C(/N)c1ccccc1Cl)c1ccccc1F,,,N=C(NN=C(N)c1ccccc1Cl)c1ccccc1F,
28435,O=[N+]([O-])c1ccc(/C=N\N=C(/Cl)Sc2ccc(Cl)cc2)cc1,,,O=[N+]([O-])c1ccc(/C=N\N=C(/Cl)Sc2ccc(Cl)cc2)cc1,
28530,CCCCCCCCCCCCC(CCCCCCCCCCCC)(C[N+](C)(C)C)O[PH-],"2-dodecyl-N,N,N-trimethyl-2-(phosphanyloxy)tetradecan-1-aminium",C(CCCCCCCCCCC)C(C[N+](C)(C)C)(CCCCCCCCCCCC)OP,CCCCCCCCCCCCC(CCCCCCCCCCCC)(C[N+](C)(C)C)O[PH-],CCCCCCCCCCCCC(CCCCCCCCCCCC)(C[N+](C)(C)C)OP
29664,N#C/C(=C/C=C\c1ccccc1Cl)c1nc2ccccc2[nH]1,"(2E,4Z)-2-(1H-benzimidazol-2-yl)-5-(2-chlorophenyl)penta-2,4-dienenitrile",N1C(=NC2=C1C=CC=C2)\C(\C#N)=C\C=C/C2=C(C=CC=C2)Cl,N#C/C(=C/C=C\c1ccccc1Cl)c1nc2ccccc2[nH]1,N#C/C(=C\C=C/c1ccccc1Cl)c1nc2ccccc2[nH]1
29801,NC(N)=NN=Cc1cccc(COc2ccc(F)c(F)c2F)c1,,,N=C(N)NN=Cc1cccc(COc2ccc(F)c(F)c2F)c1,
31487,CCOC(=O)C1=C(N)Oc2c(c(=O)n(C)c(=O)n2C)[C@H]1c1ccccc1,"ethyl (5R)-7-amino-1,3-dimethyl-2,4-dioxo-5-phenylpyrano[2,3-d]pyrimidine-6-carboxylate",,CCOC(=O)C1C(=N)Oc2c(c(=O)n(C)c(=O)n2C)[C@H]1c1ccccc1,
31700,Cc1nc2ccc(-n3ncc(C(=O)C4=Cc5ccc(-c6cccs6)cc5C4)c3N)cc2[nH]1,(5-amino-1-(2-methyl-1H-benzimidazol-6-yl)-1H-pyrazol-4-yl)(6-(thiophen-2-yl)-1H-inden-2-yl)methanone,NC1=C(C=NN1C=1C=CC2=C(NC(=N2)C)C1)C(=O)C=1CC2=CC(=CC=C2C1)C=1SC=CC1,Cc1nc2cc(-n3ncc(C(=O)C4=Cc5ccc(-c6cccs6)cc5C4)c3N)ccc2[nH]1,Cc1nc2cc(-n3ncc(C(=O)C4=Cc5cc(-c6cccs6)ccc5C4)c3N)ccc2[nH]1
31776,CC12c3ccccc3C(c3ccccc31)[C@@H]1C(=O)N(c3ccc(Cl)cc3Cl)C(=O)[C@@H]12,,,CC12c3ccccc3C(c3ccccc31)c1c2c(O)n(-c2ccc(Cl)cc2Cl)c1O,
32302,Clc1ccc(/C=N\N=C/c2c[nH]c3ccccc23)c(Cl)c1,,,Clc1ccc(C=NN=Cc2c[nH]c3ccccc23)c(Cl)c1,
32707,Cc1ccc(C2=CC=[O+]C(c3ccc(C(=O)[O-])cc3)=CC2)cc1C(C)(C)C,4-(5-(3-(tert-butyl)-4-methylphenyl)oxepin-1-ium-2-yl)benzoate,C(C)(C)(C)C=1C=C(C=CC1C)C1=CC=C([OH+]C=C1)C1=CC=C(C(=O)[O-])C=C1,Cc1ccc(C2=CC=[O+]C(c3ccc(C(=O)[O-])cc3)=CC2)cc1C(C)(C)C,Cc1ccc(C2=CC=C(c3ccc(C(=O)O)cc3)OC=C2)cc1C(C)(C)C
32968,O=c1nc2n3c4cc(c(I)cc4nc-2c(=O)[nH]1)CCCCc1ccc(cc1)CCC3,"27-iodo-5,7,9,12-tetraazapentacyclo[19.2.2.2^{13,16}.0^{5,14}.0^{6,11}]heptacosa-1(24),6,11,13,15,21(25),22,26-octaene-8,10-dione",IC1=CC2=CC3=C1N=C1C(NC(N=C1N3CCCC=3C=CC(CCCC2)=CC3)=O)=O,O=c1nc2n3c4cc(c(I)cc4nc-2c(=O)[nH]1)CCCCc1ccc(cc1)CCC3,O=c1nc2n3c4cc(cc(I)c4nc-2c(=O)[nH]1)CCCCc1ccc(cc1)CCC3
35032,O=C1[C@@H]2C3c4ccccc4C(C(=O)O)(c4ccccc43)[C@H]2C(=O)N1c1ccccc1,,,O=C(O)C12c3ccccc3C(c3ccccc31)c1c2c(O)n(-c2ccccc2)c1O,
35187,O=[N+]([O-])c1ccc(/[N+]([O-])=N\O)cc1,1-(hydroxyimino(oxido)ammonio)-4-nitrobenzene,ON=[N+](C1=CC=C(C=C1)[N+](=O)[O-])[O-],O=[N+]([O-])c1ccc(/[N+]([O-])=N\O)cc1,O=[N+]([O-])c1ccc([N+]([O-])=NO)cc1
35796,CO[PH+]([O-])c1cccc2cccc([P+]([Se-])(OC)OC)c12,1-(dimethoxy(selenido)phosphanyl)-8-(methoxyphosphinoyl)naphthalene,COP(C1=CC=CC2=CC=CC(=C12)P(=O)OC)(=[Se])OC,CO[PH+]([O-])c1cccc2cccc([P+]([Se-])(OC)OC)c12,CO[PH](=O)c1cccc2cccc(P(=[Se])(OC)OC)c12
36329,CC(C)c1ccc(/C=N\N=C(N)\C(N)=N\N=C/c2ccc(C(C)C)cc2)cc1,,,CC(C)c1ccc(C=NN=C(N)C(=N)NN=Cc2ccc(C(C)C)cc2)cc1,
36332,O=C(OOCc1ccccc1)[C@@H]1CCCN1,,,O=C(OOCc1ccccc1)C1CCCN1,
37124,CN1C(=O)C[C@@]2(C1=O)[C@@H](c1ccccc1O)CN(C)[C@@]21C(=O)Nc2ccccc21,,,CN1C(=O)C[C@@]2(C1=O)[C@@H](c1ccccc1O)CN(C)[C@@]21C(=O)Nc2ccccc21,
37331,CCc1c([C@@H](CC)NC(=O)OC(C)(C)C)c2cccc(ONC(C)=O)c2n1CC,"tert-butyl ((1R)-1-(7-(acetamidooxy)-1,2-diethyl-1H-indol-3-yl)propyl)carbamate",C(C)(=O)NC=1C=CC=C2C(=C(N(C12)CC)CC)[C@@H](CC)NC(OC(C)(C)C)=O,CCc1c([C@@H](CC)NC(=O)OC(C)(C)C)c2cccc(ONC(C)=O)c2n1CC,CCc1c([C@@H](CC)NC(=O)OC(C)(C)C)c2cccc(NC(C)=O)c2n1CC
37733,Cc1cc2c3cccc4c3n(c2cc1C)c1cccc2c3cc(C)c(C)cc3n4c21,"2,3,10,11-tetramethylpyrazino[2,3,4-jk:1,6,5-l'm']dicarbazole",CC=1C(=C2C=3C=CC=CC3N3C2=C(C1)N1C2=CC=CC=C2C=2C(=C(C=C3C12)C)C)C,Cc1cc2c3cccc4c3n(c2cc1C)c1cccc2c3cc(C)c(C)cc3n4c21,Cc1cc2c3c(c1C)c1ccccc1n3c1cc(C)c(C)c3c4ccccc4n2c31
38082,COC(=O)[C@]1(O)C[C@@H]2O[C@@]1(C)n1c3ccccc3c3c4c(c5c6ccccc6n2c5c31)C(=O)NC4,,,COC(=O)[C@]1(O)C[C@@H]2O[C@@]1(C)n1c3ccccc3c3c4c(c5c6ccccc6n2c5c31)C(=O)NC4,
38370,Cc1ccc(N=[N+]=[S-](=O)OOO)c([N+](=O)[O-])c1,N-(((hydroxyperoxy)(oxo)-lambda^5-sulfanylidene)iminio)-4-methyl-2-nitroaniline,OOO[S](=O)=[N+]=NC1=C(C=C(C=C1)C)[N+](=O)[O-],Cc1ccc(N=[N+]=[S-](=O)OOO)c([N+](=O)[O-])c1,Cc1ccc(N=[N+]=[S](=O)OOO)c([N+](=O)[O-])c1
38602,CCCCc1nc(C)c(CO)n1Cc1ccc(-c2ccccc2/C(N)=N/N(C)N)cc1,N-amino-1-((1Z)-aminomethyl)-2-(4-((2-butyl-5-(hydroxymethyl)-4-methyl-1H-imidazol-1-yl)methyl)phenyl)-N-methylbenzenal hydrazone,,CCCCc1nc(C)c(CO)n1Cc1ccc(-c2ccccc2C(=N)NN(C)N)cc1,
38941,O=C(O)c1cc(C(=O)O)cc(-c2ccc([P+]([O-])(O)O)cc2)c1,"5-(4-(dihydroxyphosphoryl)phenyl)benzene-1,3-dicarboxylic acid",OP(=O)(O)C1=CC=C(C=C1)C=1C=C(C=C(C1)C(=O)O)C(=O)O,O=C(O)c1cc(C(=O)O)cc(-c2ccc([P+]([O-])(O)O)cc2)c1,O=C(O)c1cc(C(=O)O)cc(-c2ccc(P(=O)(O)O)cc2)c1
39183,C=[O+]C(C)=C[C-](C)O,4-(methylideneoxidaniumyl)pent-3-en-2-ol,C=[O+]C(=CC(C)O)C,C=[O+]C(C)=CC(C)[O-],C=[O+]C(C)=CC(C)O
39894,O=C([C@H]1C[C@H]1c1ccc(F)cc1)N1CCN(c2nc#ccn2)CC1,"((1S,2R)-2-(4-fluorophenyl)cyclopropyl)(4-(pyrimidin-2-yl)piperazin-1-yl)methanone",FC1=CC=C(C=C1)[C@H]1[C@H](C1)C(=O)N1CCN(CC1)C1=NC=CC=N1,O=C(C1C[C@H]1c1ccc(F)cc1)N1CCN(c2nc#ccn2)CC1,O=C(C1C[C@H]1c1ccc(F)cc1)N1CCN(c2ncccn2)CC1
40240,[O-][P+](O)(O)C1=C(c2ccccc2)C([P+]([O-])(O)O)=C1c1ccccc1,"(2,4-bis(dihydroxyphosphoryl)-3-phenylcyclobuta-1,3-dien-1-yl)benzene",OP(=O)(O)C1=C(C(=C1C1=CC=CC=C1)P(=O)(O)O)C1=CC=CC=C1,[O-][P+](O)(O)C1=C(c2ccccc2)C([P+]([O-])(O)O)=C1c1ccccc1,O=P(O)(O)C1=C(c2ccccc2)C(P(=O)(O)O)=C1c1ccccc1
40263,C=P(CC#N)(OCC(F)(F)F)OCC(F)(F)F,"2-(methylidenebis((2,2,2-trifluoroethyl)oxy)phosphanyl)acetonitrile",,C=P(CC#N)(OCC(F)(F)F)OCC(F)(F)F,
40361,CC(C)c1ccccc1-[n+]1cc([O-])on1,"3-(2-(propan-2-yl)phenyl)-1,2,3-oxadiazol-3-ium-5-olate",CC(C)C1=C(C=CC=C1)[N+]1=NOC(=C1)[O-],CC(C)c1ccccc1-n1cc(=O)on1,CC(C)c1c(-n2cc(=O)on2)cccc1
40528,C(=N\N=C/c1ccc[nH]1)\c1ccc[nH]1,"(1Z)-5-azacyclopenta-1,3-dien-1-carbaldehyde 5-azacyclopenta-1,3-dien-1-ylmethylidenehydrazone",,C(=NN=Cc1ccc[nH]1)c1ccc[nH]1,
40978,COc1cc(OC)c(OC)cc1/C=N/N=C(N)c1nonc1N,,,COc1cc(OC)c(OC)cc1/C=N/N=C(N)c1nonc1N,
41818,CC(C)(C)OC(=O)N1c2ccccc2C2(CCC3(CC2)OCCO3)C1(O)CCc1ccccc1,,,CC(C)(C)OC(=O)N1c2ccccc2C2(CCC3(CC2)OCCO3)C1(O)CCc1ccccc1,
43082,C=Cc1c2c(c(OC)c(Cl)c1/C=C(C)/C(=C/C)NCCCCCCNC(=O)CCCC)CCC=C2,"N-(6-(((1E,3Z)-1-(3-chloro-1-ethenyl-4-methoxy-5,6-dihydronaphthalen-2-yl)-2-methylpenta-1,3-dien-3-yl)amino)hexyl)pentanamide",ClC=1C(=C(C=2C=CCCC2C1OC)C=C)\C=C(\C(=C\C)\NCCCCCCNC(CCCC)=O)/C,C=Cc1c(C=C(C)C(CC)=NCCCCCCNC(=O)CCCC)c(Cl)c(OC)c2c1C=CCC2,C=Cc1c2c(c(OC)c(Cl)c1/C=C(\C)C(CC)=NCCCCCCNC(=O)CCCC)CCC=C2
43165,COc1cc(C(=O)O)cc(OC)c1[PH+]([O-])O,"4-(hydroxyphosphinoyl)-3,5-dimethoxybenzoic acid",OP(=O)C1=C(C=C(C(=O)O)C=C1OC)OC,COc1cc(C(=O)O)cc(OC)c1[PH+]([O-])O,COc1cc(C(=O)O)cc(OC)c1[PH](=O)O
44286,O=P(O)(O)SO,,,O=P(O)(O)SO,
44515,Cc1ccc2c(c1)=c1ccc(OC3CCCCC3)cc1=2,2-(cyclohexyloxy)-6-methylbiphenylene,C1(CCCCC1)OC1=CC=2C3=CC=C(C=C3C2C=C1)C,Cc1ccc2c(c1)=c1ccc(OC3CCCCC3)cc1=2,Cc1ccc2c(c1)-c1ccc(OC3CCCCC3)cc1-2
44647,CCC(C)[C@H](N[S+](=O)([O-])c1cccc2ccccc12)C(=O)N[C@H](C=O)CC1=C2C=CC=CC2N=C1,(2S)-N-((2S)-1-(7aH-indol-3-yl)-3-oxopropan-2-yl)-3-methyl-2-(naphthalene-1-sulfonamido)pentanamide,N1=CC(=C2C=CC=CC12)C[C@@H](C=O)NC([C@H](C(CC)C)NS(=O)(=O)C1=CC=CC2=CC=CC=C12)=O,CCC(C)C(N[S+](=O)([O-])c1cccc2ccccc12)C(=O)NC(C=O)CC1=C2C=CC=CC2N=C1,CCC(C)C(NS(=O)(=O)c1cccc2ccccc12)C(=O)NC(C=O)CC1=C2C=CC=CC2N=C1
45345,CCCCCC(=O)Oc1ccc(N2C(=O)[C@@H]3C4c5ccccc5C(c5ccccc54)[C@@H]3C2=O)cc1,,,CCCCCC(=O)Oc1ccc(-n2c(O)c3c(c2O)C2c4ccccc4C3c3ccccc32)cc1,
45572,CCO[P+]([O-])(OCC)C1CC(=O)CCC1(C)C,"3-(diethoxyphosphoryl)-4,4-dimethylcyclohexanone",C(C)OP(=O)(OCC)C1CC(CCC1(C)C)=O,CCO[P+]([O-])(OCC)C1CC(=O)CCC1(C)C,CCOP(=O)(OCC)C1CC(=O)CCC1(C)C
45861,CN=S1(=O)CCCC1CN=S1(=O)CCC(C)C1,1-(methylimino)-1-oxo-2-(((1-oxo-1lambda^6-thiolan-1-ylidene)amino)methyl)thiolane,CN=S1(C(CCC1)CN=S1(CCCC1)=O)=O,CN=S1(=O)CCCC1CN=S1(=O)CCC(C)C1,CN=S1(=O)CCCC1CN=S1(=O)CCCC1
46150,Cn1c(=O)n2n(c1=O)C([P+]([O-])(O)O)C=CC2,"5-(dihydroxyphosphoryl)-2-methyl-5,8-dihydro[1,2,4]triazolo[1,2-a]pyridazine-1,3-dione",OP(=O)(O)C1N2N(CC=C1)C(N(C2=O)C)=O,Cn1c(=O)n2n(c1=O)C([P+]([O-])(O)O)C=CC2,Cn1c(=O)n2n(c1=O)C(P(=O)(O)O)C=CC2
46611,On1c(-c2c(Cl)cccc2Cl)nc2c1-c1cccnc1Nc1cnccc1-2,"2-(2,6-dichlorophenyl)-1-hydroxy-8H-pyrido[2,3-b]pyrido[4,3-f]imidazo[4,5-d]azepine",ClC1=C(C(=CC=C1)Cl)C=1N(C2=C(C3=C(NC4=C2C=CN=C4)N=CC=C3)N1)O,On1c(-c2c(Cl)cccc2Cl)nc2c1-c1cccnc1Nc1cnccc1-2,On1c(-c2c(Cl)cccc2Cl)nc2c1-c1ccncc1Nc1ncccc1-2
46769,COC(=O)C1=C(C(=O)OC)[C@@]2([Si](C)(C)C)CC1C13OC12C1CCC3C1,,,COC(=O)C1=C(C(=O)OC)[C@@]2([Si](C)(C)C)CC1C13OC12C1CCC3C1,
46855,Oc1ccc(/C=N/N=C(/c2ccccc2)c2ccc3nc(-c4ccc(O)cc4)[nH]c3c2)cc1,,,Oc1ccc(C=NN=C(c2ccccc2)c2ccc3[nH]c(-c4ccc(O)cc4)nc3c2)cc1,
47640,CN(C)c1ccc(C2C([N+](=O)[O-])=CC(=[N+]([O-])[O-])c3[nH]o[n+](=O)c32)cc1,"4-(3,5-dinitro-9-oxo-8-oxa-7,9-diazabicyclo[4.3.0]nona-1(6),3-dien-9-ium-2-yl)-N,N-dimethylaniline",[N+](=O)([O-])C=1C(C=2[N+](ONC2C(C1)[N+](=O)[O-])=O)C1=CC=C(N(C)C)C=C1,CN(C)c1ccc(C2C([N+](=O)[O-])=CC(=[N+]([O-])[O-])c3[nH]o[n+](=O)c32)cc1,CN(C)c1ccc(C2C([N+](=O)[O-])=CC([N+](=O)[O-])c3[nH]o[n+](=O)c32)cc1
47978,CCC/C=C(\C=C/N)C(C)(C)C,"(1Z,3E)-3-(tert-butyl)hepta-1,3-dien-1-amine",C(C)(C)(C)\C(\C=C/N)=C\CCC,CCCC=C(CC=N)C(C)(C)C,CCC/C=C(\CC=N)C(C)(C)C
48178,C=N/C=C(C#N)\C=C(/C)c1ccc2[nH]nc(C(=O)Nc3cccnc3)c2c1,"5-((2E,4E)-4-cyano-5-(methylideneamino)penta-2,4-dien-2-yl)-N-(pyridin-3-yl)-1H-indazole-3-carboxamide",C(#N)/C(/C=C(\C)/C=1C=C2C(=NNC2=CC1)C(=O)NC=1C=NC=CC1)=C/N=C,C=NC=C(C#N)C=C(C)c1ccc2[nH]nc(C(=O)Nc3cccnc3)c2c1,C=N/C=C(/C#N)C=C(C)c1ccc2[nH]nc(C(=O)Nc3cccnc3)c2c1
48405,COc1ccc(N2C(=O)[C@@H]3C4c5ccccc5C(CO)(c5ccccc54)[C@@H]3C2=O)cc1,,,COc1ccc(-n2c(O)c3c(c2O)C2(CO)c4ccccc4C3c3ccccc32)cc1,
49218,NC(=NN=C(N)C1CCCCN1)C1CCCCN1,,,N=C(NN=C(N)C1CCCCN1)C1CCCCN1,
50516,CCN1C(=O)[C@@H]2[C@H](C1=O)[C@@H]1C=CC(=O)[C@H]2N1Cc1cccc(C)c1,"(3aS,4S,8S,8aR)-2-ethyl-9-((3-methylphenyl)methyl)-4,8-epimino-4H-cyclohepta[c]pyrrole-1,3,7-trione",,CCn1c(O)c2c(c1O)[C@@H]1C=CC(=O)C2N1Cc1cccc(C)c1,
52091,CSC(=N/N=C(\N)c1cncc(N2CCCC2)n1)SC,,,CSC(=NN=C(N)c1cncc(N2CCCC2)n1)SC,
52811,Nc1ccc2c(ccc3c4c(ccc32)C=CC4)c1,3H-cyclopenta[a]phenanthren-7-amine,C1=CCC=C2C=C(C3=C4C=CC=C4C=CC3=C12)N,Nc1ccc2c(ccc3c4c(ccc32)C=CC4)c1,Nc1cc2c(c3ccc4c(c13)C=CC=4)C=CCC=2
52945,CC1=CC[C@@]23CC2(C)CCC[C@]3(C)[C@@]12CC[C@@](C)(CC(=O)O)O2,,,CC1=CC[C@@]23CC2(C)CCC[C@]3(C)[C@@]12CC[C@@](C)(CC(=O)O)O2,
54089,[CH2-]CC#[O+],1-hydroxypropane,OCCC,[CH2-]CC#[O+],CCCO
54657,CC1[C@@]2(O[C@@H]3O[C@H](CO)[C@@H](O)[C@H](O)[C@H]3O)C[C@]34CC(=O)O[C@]3(C[C@@H](O)[C@H]4C)[C@]1(C)CO2,"(1S,3R,7S,8S,12S,13R)-13-hydroxy-8,11,12-trimethyl-1-(((2S,3R,4S,5S,6R)-3,4,5-trihydroxy-6-(hydroxymethyl)oxan-2-yl)oxy)-6,10-dioxatetracyclo[6.2.1.3^{3,7}.0^{3,7}]tetradecan-5-one",O[C@H]1[C@@H]([C@]23OC(C[C@]2(C[C@]2(OC[C@@]3(C2C)C)O[C@@H]2O[C@@H]([C@H]([C@@H]([C@H]2O)O)O)CO)C1)=O)C,CC1[C@@]2(O[C@@H]3O[C@H](CO)[C@@H](O)[C@H](O)[C@H]3O)C[C@]34CC(=O)O[C@]3(C[C@@H](O)[C@H]4C)[C@]1(C)CO2,CC1[C@@]2(O[C@@H]3O[C@H](CO)[C@@H](O)[C@H](O)[C@H]3O)C[C@]34CC(=O)O[C@]3([C@@H](C)[C@H](O)C4)[C@]1(C)CO2
55582,CC(=O)c1cc(C)ccc1C(=O)OOC(=O)c1ccc(C)cc1C(C)=O,,,CC(=O)c1cc(C)ccc1C(=O)OOC(=O)c1ccc(C)cc1C(C)=O,
55625,O=C1NCc2ccccc2-c2cnc(NCc3c(F)ccc4c3CCO4)n3cnc1c23,"3-(((5-fluoro-2,3-dihydro-1-benzofuran-4-yl)methyl)amino)-3a,8-dihydro-2,3a,5,7-tetraazabenzo[1',2':1,2]cycloocta[5,4,3-cd]inden-6(7H)-one",,O=C1NCc2ccccc2-c2cnc(NCc3c(F)ccc4c3CCO4)n3cnc1c23,
55692,[SiH3]N[SiH2]N[SiH2]N[SiH2]N[SiH2]N[SiH3],,,[SiH3]N[SiH2]N[SiH2]N[SiH2]N[SiH2]N[SiH3],
55888,O=C1CCCC(=O)C1=C(O)c1cc2ccccc2[nH]1,"2-((hydroxy)(1H-indol-2-yl)methylidene)cyclohexane-1,3-dione",OC(=C1C(CCCC1=O)=O)C=1NC2=CC=CC=C2C1,O=C1CCCC(=O)C1C(=O)c1cc2ccccc2[nH]1,Oc1cccc(O)c1C(O)c1cc2ccccc2[nH]1
56388,Cc1cc(C#N)c2c(c1OS(=O)(=O)C(F)(F)F)C1c3ccccc3C2c2ccccc21,,,Cc1cc(C#N)c2c(c1OS(=O)(=O)C(F)(F)F)C1c3ccccc3C2c2ccccc21,
57021,F/C1=C(\CCC(I)Cc2ccc(-n3cccn3)cc2)CC/C=C\NC1=NCc1ccc(S)cc1,"4-((((3Z,7Z)-3-fluoro-4-(3-iodo-4-(4-(1H-pyrazol-1-yl)phenyl)butyl)-5,6-dihydro-1H-azocin-2-ylidene)amino)methyl)benzene-1-thiol",F\C=1\C(N\C=C/CC/C1/CCC(CC1=CC=C(C=C1)N1N=CC=C1)I)=NCC1=CC=C(C=C1)S,F/C1=C(\CCC(I)Cc2ccc(-n3cccn3)cc2)CC/C=C\N=C1NCc1ccc(S)cc1,FC1=C(/CCC(I)Cc2ccc(-n3cccn3)cc2)CC\C=C/N=C/1NCc1ccc(S)cc1
57260,C=C/C(=C(\C=C)C1(C)CCC1)C(C)Cc1ccc(CCCC)c(F)c1C,"1-butyl-4-((3E)-3-ethenyl-2-methyl-4-(1-methylcyclobutyl)hexa-3,5-dien-1-yl)-2-fluoro-3-methylbenzene",C(CCC)C1=C(C(=C(C=C1)CC(\C(=C(/C=C)\C1(CCC1)C)\C=C)C)C)F,C=C/C(=C(\C=C)C1(C)CCC1)C(C)Cc1ccc(CCCC)c(F)c1C,C=C/C(=C(/C=C)C1(C)CCC1)C(C)Cc1ccc(CCCC)c(F)c1C
57357,CC(C)(C)OC(=O)NCCn1c(=O)c2ccc(c1=O)c1c3ccc(c(=O)n(CCC(=O)O)c3=O)c21,"3-(11-(2-(tert-butoxycarbonylamino)ethyl)-4,6,10,12-tetraoxo-5,11-diazatetracyclo[7.3.2.2^{3,7}.0^{2,8}]hexadeca-1,3(15),7(16),8,13-pentaen-5-yl)propanoic acid",,CC(C)(C)OC(=O)NCCn1c(=O)c2ccc(c1=O)c1c3ccc(c(=O)n(CCC(=O)O)c3=O)c21,
57518,NC(N)=N/N=C\c1c(Cl)nc2n1CCS2,,,N=C(N)N/N=C\c1c(Cl)nc2n1CCS2,
57985,CC1(C)OC2C3c4ccccc4C(c4c3c[nH]c4CO)C2O1,,,CC1(C)OC2C3c4ccccc4C(c4c3c[nH]c4CO)C2O1,
58232,Clc1ccc2c(c1)C(/C=N/NC1=NCCN1)c1ccccc1C2/C=N/NC1=NCCN1,"(E)-2-chloro-N,N'-bis(4,5-dihydro-1H-imidazol-2-yl)-9,10-dihydroanthracene-9,10-dicarbaldehyde dihydrazone",ClC1=CC=2C(C3=CC=CC=C3C(C2C=C1)C=NNC=1NCCN1)/C=N/NC=1NCCN1,Clc1ccc2c(c1)C(/C=N/NC1=NCCN1)c1ccccc1C2/C=N/NC1=NCCN1,Clc1ccc2c(c1)C(/C=N/NC1=NCCN1)c1ccccc1C2C=NNC1=NCCN1
58408,CCOCCCC(C)(C)P=O,(5-ethoxy-2-methylpentan-2-yl)phosphane oxide,C(C)OCCCC(C)(C)[PH2]=O,CCOCCCC(C)(C)P=O,CCOCCCC(C)(C)[PH2]=O
58731,CC/C=C\C=C(F)/C(C)=C/C(=N)C1c2nc[nH]c2CCN1C(=O)C1CC1(F)F,"(2,2-difluorocyclopropyl)(4-((2E,4E,6Z)-4-fluoro-1-imino-3-methylnona-2,4,6-trien-1-yl)-4,5,6,7-tetrahydro-1H-imidazo[4,5-c]pyridin-5-yl)methanone",FC1(C(C1)C(=O)N1C(C2=C(CC1)NC=N2)C(\C=C(\C(=C/C=C\CC)\F)/C)=N)F,CC/C=C\C=C(F)C(C)=CC(=N)C1c2[nH]cnc2CCN1C(=O)C1CC1(F)F,CC/C=C\C=C(\F)C(C)=CC(=N)C1c2[nH]cnc2CCN1C(=O)C1CC1(F)F
58759,CC(CO)OCC(O)C[P+](=O)[O-],1-((1-hydroxypropan-2-yl)oxy)-3-(oxido(oxo)phosphanyl)propan-2-ol,OCC(C)OCC(CP(=O)[O-])O,CC(CO)OCC(O)C[P+](=O)[O-],CC(CO)OCC(O)C[PH](=O)O
58793,S=C=N/N=C(C(=N/I)/c1ccccc1)\c1ccccc1,,,S=C=N/N=C(/C(=N/I)c1ccccc1)c1ccccc1,
58802,c1ccc2c(c1)C[C@@H]1C3c4ccccc4C(c4ccccc43)[C@@H]1C2,,,c1ccc2c(c1)C[C@@H]1C3c4ccccc4C(c4ccccc43)[C@@H]1C2,
59171,C=C(C)/C(C)=C(N)/C(C)=C\C,"(3Z,5Z)-2,3,5-trimethylhepta-1,3,5-trien-4-amine",CC(=C)\C(=C(\C(=C/C)\C)/N)\C,C=C(C)C(C)C(=N)C(C)=CC,C=C(C)C(C)C(=N)/C(C)=C\C
59979,O=C1NC(=NC2CCCC2)C2(CCN([S+](=O)([O-])c3ccccc3)CC2)N1c1cccnc1,"4-(cyclopentylimino)-8-(phenylsulfonyl)-1-(pyridin-3-yl)-1,3,8-triazaspiro[4.5]decan-2-one",C1(CCCC1)N=C1NC(N(C12CCN(CC2)S(=O)(=O)C2=CC=CC=C2)C=2C=NC=CC2)=O,O=C1N=C(NC2CCCC2)C2(CCN([S+](=O)([O-])c3ccccc3)CC2)N1c1cccnc1,O=C1N=C(NC2CCCC2)C2(CCN(S(=O)(=O)c3ccccc3)CC2)N1c1cccnc1
60536,Cc1c(C(=O)N(C)C(C)c2ccc(F)c(F)c2)[nH]c2c1C(=O)CCC2,"N-(1-(3,4-difluorophenyl)ethyl)-N,3-dimethyl-4-oxo-4,5,6,7-tetrahydro-1H-indole-2-carboxamide",FC=1C=C(C=CC1F)C(C)N(C(=O)C=1NC=2CCCC(C2C1C)=O)C,Cc1c(C(=O)N(C)C(C)c2ccc(F)c(F)c2)[nH]c2c1C(=O)CCC2,Cc1c(C(O)N(C)C(C)c2ccc(F)c(F)c2)[nH]c2cccc(O)c12
61877,C=C/C=C\c1nn(C(=C/C=C)/C(O)=C\C=C)nc1C=C,"(3E,5E)-5-(4-((1Z)-buta-1,3-dien-1-yl)-5-ethenyl-2H-1,2,3-triazol-2-yl)octa-1,3,5,7-tetraen-4-ol",C(=C/C=C)/C1=NN(N=C1C=C)\C(\C(=C/C=C)\O)=C\C=C,C=CC=C(C(=O)C=CC)n1nc(C=C)c(/C=C\C=C)n1,C=C/C=C\c1nn(/C(=C/C=C)C(=O)C=CC)nc1C=C
62674,O=C1OC(=O)C2=C1C1C=CC2N1C(=O)OCc1ccccc1,"benzyl 1,3-dioxo-4,5,6,7-tetrahydro-4,7-epimino-2-benzofuran-8-carboxylate",O=C1OC(C2=C1C1CCC2N1C(=O)OCC1=CC=CC=C1)=O,O=C1OC(=O)C2=C1C1C=CC2N1C(=O)OCc1ccccc1,O=C1OC(=O)C2=C1C1CCC2N1C(=O)OCc1ccccc1
62778,CC(C)(C)c1cc(CCC(=O)CO[P+](=O)[O-])cc(C(C)(C)C)c1O,"4-(3,5-bis(tert-butyl)-4-hydroxyphenyl)-1-((oxido(oxo)phosphanyl)oxy)butan-2-one",C(C)(C)(C)C=1C=C(C=C(C1O)C(C)(C)C)CCC(COP(=O)[O-])=O,CC(C)(C)c1cc(CCC(=O)CO[P+](=O)[O-])cc(C(C)(C)C)c1O,CC(C)(C)c1cc(CCC(=O)CO[PH](=O)O)cc(C(C)(C)C)c1O
62902,Nc1nc(N)nc(NO[P+]([O-])(OCC23CO[P+]([O-])(OC2)OC3)ONc2nc(N)nc(N)n2)n1,"N-(((((4,6-diamino-1,3,5-triazin-2-yl)amino)oxy)(((1-oxido-2,6,7-trioxa-1-phosphabicyclo[2.2.2]octan-1-ium-4-yl)methyl)oxy)phosphoryl)oxy)-1,3,5-triazine-2,4,6-triamine",NC1=NC(=NC(=N1)N)NOP(=O)(OCC12CO[P+](OC1)(OC2)[O-])ONC2=NC(=NC(=N2)N)N,Nc1nc(N)nc(NO[P+]([O-])(OCC23CO[P+]([O-])(OC2)OC3)ONc2nc(N)nc(N)n2)n1,Nc1nc(N)nc(NOP(=O)(OCC23CO[P+]([O-])(OC2)OC3)ONc2nc(N)nc(N)n2)n1
63676,CC[Si@@](C)(c1ccccc1)[Si@](C)(CC)c1ccccc1,"1,2-diethyl-1,2-dimethyl-1,2-diphenyldisilane",C(C)[Si]([Si](C1=CC=CC=C1)(C)CC)(C1=CC=CC=C1)C,CC[Si@@](C)(c1ccccc1)[Si@](C)(CC)c1ccccc1,CC[Si](C)(c1ccccc1)[Si](C)(CC)c1ccccc1
64716,[BH3-][P+]1(C)OC[C@@]2(C)C[C@@H](C)C(C)(C)[C@@H]2O[P+]([BH3-])(C)OC[C@@]2(C)C[C@@H](C)[C@H](O1)C2(C)C,"(1S,6R,8R,10S,15S,17R)-3,12-diboryl-3,6,8,9,9,12,15,17,18,18-decamethyl-2,4,11,13-tetraoxa-3,12-diphosphatricyclo[13.2.1.0^{6,10}]octadecan-3,12-diium",B[P+]1(O[C@H]2[C@@H](C[C@](CO[P+](O[C@H]3C([C@@H](C[C@@]3(CO1)C)C)(C)C)(C)B)(C2(C)C)C)C)C,[BH3-][P+]1(C)OC[C@@]2(C)C[C@@H](C)C(C)(C)[C@@H]2O[P+]([BH3-])(C)OC[C@@]2(C)C[C@@H](C)[C@H](O1)C2(C)C,B[P+]1(C)OC[C@@]2(C)C[C@@H](C)C(C)(C)[C@@H]2O[P+](B)(C)OC[C@@]2(C)C[C@@H](C)[C@H](O1)C2(C)C
64736,NC(N)=NN=CCc1c(-c2ccc(Cl)cc2Cl)[nH]c2ccc(Cl)cc12,,,N=C(N)NN=CCc1c(-c2ccc(Cl)cc2Cl)[nH]c2ccc(Cl)cc12,
64888,OCCCC1(O)CCN(c2nc(-c3cc(F)c(Cl)cc3F)nc3c2CS(O)(O)C3)CC1,"1-(2-(4-chloro-2,5-difluorophenyl)-6,6-dihydroxy-4a,5,7,7a-tetrahydro-6lambda^4-thieno[3,4-d]pyrimidin-4-yl)-4-(3-hydroxypropyl)piperidin-4-ol",ClC1=CC(=C(C=C1F)C=1N=C(C2C(N1)CS(C2)(O)O)N2CCC(CC2)(O)CCCO)F,OCCCC1(O)CCN(c2nc(-c3cc(F)c(Cl)cc3F)nc3c2CS(O)(O)C3)CC1,OCCCC1(O)CCN(C2=NC(c3cc(F)c(Cl)cc3F)=NC3CS(O)(O)CC23)CC1
65320,CC1=C(N=NN)NC2=C(CNCC2)C1C,"2-aminodiazenyl-3,4-dimethyl-1,4,5,6,7,8-hexahydro-1,6-naphthyridine",NN=NN1C=C(C(C=2CNCCC12)C)C,CC1=C(N=NN)NC2=C(CNCC2)C1C,CC1=CN(N=NN)C2=C(CNCC2)C1C
65666,CCC1=C(C)C(=Cc2ccc(-c3ccc[nH]3)[nH]2)N=C1C,"4-ethyl-3,5-dimethyl-2-((5-(1H-pyrrol-2-yl)-1H-pyrrol-2-yl)methylidene)pyrrole",C(C)C1=C(C(N=C1C)=CC=1NC(=CC1)C=1NC=CC1)C,CCC1=C(C)C(=Cc2ccc(-c3ccc[nH]3)[nH]2)N=C1C,CC=C1C(C)=NC(Cc2ccc(-c3ccc[nH]3)[nH]2)=C1C
65767,COC(=O)CSP(=S)(OC1C2(C)CCC(C2)C1(C)C)OC1C2(C)CCC(C2)C1(C)C,"methyl 2-((thioxobis((1,3,3-trimethylbicyclo[2.2.1]heptan-2-yl)oxy)phosphanyl)sulfanyl)acetate",,COC(=O)CSP(=S)(OC1C2(C)CCC(C2)C1(C)C)OC1C2(C)CCC(C2)C1(C)C,
66541,Clc1ccc(Cl)c(-c2ccc(/C=N/N=C/c3ccc(-c4cc(Cl)ccc4Cl)o3)o2)c1,,,Clc1ccc(Cl)c(-c2ccc(/C=N/N=C/c3ccc(-c4cc(Cl)ccc4Cl)o3)o2)c1,
66785,O=c1n(-c2ccccc2)c(=O)n2n1[C@H]1c3ccccc3[C@H]2[C@@H]2C=C[C@H]21,,,O=c1n(-c2ccccc2)c(=O)n2n1[C@H]1c3ccccc3[C@H]2[C@@H]2C=C[C@H]21,
67031,COc1cc(/C=N\N=C/c2ccc(N(C)C)cc2)ccc1O,,,COc1cc(C=NN=Cc2ccc(N(C)C)cc2)ccc1O,
67577,O=C1[C@@H]2C3c4ccccc4C(c4ccccc43)[C@H]2C(=O)N1c1ccncc1,,,Oc1c2c(c(O)n1-c1ccncc1)C1c3ccccc3C2c2ccccc21,
67881,CC1CNc2c(Cl)ccc3oc(C4C5C[C@H]4C(=O)N5)c(c23)C1,"(4R)-5-(7-chloro-4-methyl-3,4,5,6-tetrahydrobenzofuro[4,3a,3-bc]azepin-2-yl)-2-azabicyclo[2.1.1]hexan-3-one",ClC1=CC=C2OCC=3C2=C1NC(CC3C3[C@@H]1C(NC3C1)=O)C,CC1CNc2c(Cl)ccc3oc(C4C5C[C@H]4C(=O)N5)c(c23)C1,CC1CC(C2C3C[C@H]2C(=O)N3)=C2COc3ccc(Cl)c(c32)N1
68709,Cc1cc(NC2=NC[C@@]3(C[N+]4([O-])CCC3CC4)O2)ncc1Cl,"(5S)-N-(5-chloro-4-methylpyridin-2-yl)-1',4'-diethyl-1'-oxidospiro[1-oxa-3-azacyclopent-2-ene-5,5'-(piperidin-1-ium)]-2-amine",ClC=1C(=CC(=NC1)NC=1O[C@@]2(C(CC[N+](C2)([O-])CC)CC)CN1)C,Cc1cc(N=C2NC[C@@]3(C[N+]4([O-])CCC3CC4)O2)ncc1Cl,CCC1CC[N+]([O-])(CC)C[C@@]12CN=C(Nc1cc(C)c(Cl)cn1)O2
69072,O=C1C2=C3C=CC(=C2C(=O)c2c(O)cccc21)C3,"5-hydroxy-1,4-methanoanthracene-9,10-dione",OC1=C2C(C=3C4=CC=C(C3C(C2=CC=C1)=O)C4)=O,O=C1C2=C(C(=O)c3c(O)cccc31)C1=CC2=CC1,O=C1C2=C(C(=O)c3c(O)cccc31)C1=CC=C2C1
69597,CCCC#C[P+]([O-])(OCCCC)OCCCC,dibutyl pent-1-yn-1-ylphosphonate,C(#CCCC)P(OCCCC)(OCCCC)=O,CCCC#C[P+]([O-])(OCCCC)OCCCC,CCCC#CP(=O)(OCCCC)OCCCC
71196,CN(C)C(=O)c1cc(-c2ccccc2[S+](C)(=O)[O-])c2cccn2n1,"N,N-dimethyl-4-(2-(methylsulfonyl)phenyl)pyrrolo[1,2-b]pyridazine-2-carboxamide",CN(C(=O)C=1C=C(C=2N(N1)C=CC2)C2=C(C=CC=C2)S(=O)(=O)C)C,CN(C)C(=O)c1cc(-c2ccccc2[S+](C)(=O)[O-])c2cccn2n1,CN(C)C(=O)c1cc(-c2ccccc2S(C)(=O)=O)c2cccn2n1
71266,CC[C@@]1(O)C(=O)OCc2c1cc1n(c2=O)Cc2c(Cc3ccccc3)c3ccccc3[n+]([O-])c2-1,"(4S)-11-benzyl-4-ethyl-4-hydroxy-6-oxido-1,11a,12,14a-tetrahydropyrano[3'',4'':3',4']pyrido[1',6':1,2]pyrrolo[3,4-b]quinolin-6(4H)-ium-3,14-dione",C(C1=CC=CC=C1)C=1C2C([N+](=C3C=CC=CC13)[O-])=C1N(C2)C(C2C(=C1)[C@@](C(OC2)=O)(O)CC)=O,CC[C@@]1(O)C(=O)OCc2c1cc1n(c2=O)Cc2c(Cc3ccccc3)c3ccccc3[n+]([O-])c2-1,CC[C@@]1(O)C(=O)OCC2C(=O)N3CC4C(=C3C=C21)[N+]([O-])=c1ccccc1=C4Cc1ccccc1
71306,CC12O[C@@H]3[C@@H](SC(=O)C3(C)C)C(C)(c3ccccc31)c1ccccc12,,,CC12O[C@@H]3[C@@H](SC(=O)C3(C)C)C(C)(c3ccccc31)c1ccccc12,
71987,CCOc1cc(/C=N/N=C(N)N)ccc1OCc1ccc(C)cc1,3-ethoxy-4-(((4-methylphenyl)methyl)oxy)benzaldehyde amidinohydrazone,C(N)(=N)NN=CC1=CC(=C(C=C1)OCC1=CC=C(C=C1)C)OCC,CCOc1cc(/C=N/N=C(N)N)ccc1OCc1ccc(C)cc1,CCOc1cc(C=NN=C(N)N)ccc1OCc1ccc(C)cc1
72095,COC([O-])=c1ccc(=C2C3CCCC3[C+](c3ccccc3)C2(C)C)cc1,"(4-(3,3-dimethyl-4-phenylbicyclo[3.3.0]octan-2-ylidene)cyclohexa-2,5-dien-1-ylidene)(methoxy)methanolate",CC1(C(C2CCCC2C1C1=CC=CC=C1)=C1C=CC(C=C1)=C([O-])OC)C,COC([O-])=c1ccc(=C2C3CCCC3[C+](c3ccccc3)C2(C)C)cc1,COC(=O)c1ccc(C2C3CCCC3C(c3ccccc3)C2(C)C)cc1
72676,O=Pc1cccc2c1CCCCC2,"(6,7,8,9-tetrahydro-5H-benzo[7]annulen-1-yl)phosphane oxide",C1(=CC=CC2=C1CCCCC2)[PH2]=O,O=Pc1cccc2c1CCCCC2,O=[PH2]c1cccc2c1CCCCC2
73099,NC(=O)CN1C(=O)[C@H]2C3c4ccccc4C(c4ccccc43)[C@@H]2C1=O,,,NC(=O)Cn1c(O)c2c(c1O)C1c3ccccc3C2c2ccccc21,
73906,COc1ccc(C=NN=c2scc(-c3ccc(OC)cc3)n2C)cc1,,,COc1ccc(C=NN=c2scc(-c3ccc(OC)cc3)n2C)cc1,
74870,CCC(C)C(=O)O[C@H]1C(=O)O[C@@H]2Cc3c(C)ccc(C)c3[C@H]3[C@]4(O)OC[C@@]23[C@@H]1C1(CC1)[C@H]4O,,,CCC(C)C(=O)OC1C(=O)O[C@@H]2Cc3c(C)ccc(C)c3[C@H]3[C@]4(O)OC[C@@]23[C@@H]1C1(CC1)[C@H]4O,
75138,C=C1C(=O)[C@@]23CC1C[C@@H](OC(C)=O)[C@@H]2[C@@]1(COC3=O)[C@H](OC(C)=O)CCC(C)(C)[C@@H]1COC(C)=O,,,C=C1C(=O)[C@@]23CC1C[C@@H](OC(C)=O)[C@@H]2[C@@]1(COC3=O)[C@H](OC(C)=O)CCC(C)(C)[C@@H]1COC(C)=O,
75677,Cc1cc(-c2ncc(C/C=N/N=C\Cc3cccnc3C)cc2C)ccn1,,,Cc1cc(-c2ncc(C/C=N/N=C\Cc3cccnc3C)cc2C)ccn1,
76842,COC1=C(OC)C(=O)C2=C(C1=O)[C@@H]1c3ccccc3[C@H]2c2cc(C=O)ccc21,,,COc1c(OC)c(O)c2c(c1O)c1c3ccccc3c2c2cc(C=O)ccc21,
77654,C[C@@H]1O[C@H]2OCCCCO[C@@H]3O[C@@H](C)[C@@H](C[C@@H]3N)OCCCCO[C@H]1C[C@@H]2N,"(1S,8R,9S,11R,18R,20S,22S,24S)-9,20-dimethyl-2,7,10,12,17,19-hexaoxatricyclo[16.2.2.2^{8,11}]tetracosane-22,24-diamine",C[C@H]1[C@@H]2OCCCCO[C@@H]3[C@@H](O[C@@H](OCCCCO[C@H](O1)C[C@@H]2N)[C@H](C3)N)C,C[C@@H]1O[C@H]2OCCCCO[C@@H]3O[C@@H](C)[C@@H](C[C@@H]3N)OCCCCO[C@H]1C[C@@H]2N,C[C@@H]1O[C@@H]2C[C@H](N)[C@H]1OCCCCO[C@H]1C[C@H](N)[C@H](OCCCCO2)O[C@H]1C
77685,CCO[P+]([S-])(OCC)C(F)(F)[C@H]1C[C@H](n2c(=O)[nH]cc(C)c2=O)O[C@@H]1COC(=O)c1ccccc1,"3-((2R,4S,5S)-5-((benzoyloxy)methyl)-4-((diethoxy(thioxo)phosphanyl)difluoromethyl)oxolan-2-yl)-5-methylpyrimidine-2,4(1H,3H)-dione",C(C1=CC=CC=C1)(=O)OC[C@@H]1[C@H](C[C@@H](O1)N1C(NC=C(C1=O)C)=O)C(F)(F)P(=S)(OCC)OCC,CCO[P+]([S-])(OCC)C(F)(F)[C@H]1C[C@H](n2c(=O)[nH]cc(C)c2=O)O[C@@H]1COC(=O)c1ccccc1,CCOP(=S)(OCC)C(F)(F)[C@H]1C[C@H](n2c(=O)[nH]cc(C)c2=O)O[C@@H]1COC(=O)c1ccccc1
78312,O=C1CCC(C(=O)OC2=CCc3c(ccc4c5c(ccc34)=CC=C5)=C2)N1,9H-cyclopenta[a]phenanthren-7-yl 5-oxopyrrolidine-2-carboxylate,O=C1CCC(N1)C(=O)OC1=CC=2C=CC=CC2C2C=CC3=CC=CC3=C12,O=C1CCC(C(=O)OC2=CCc3c(ccc4c5c(ccc34)=CC=C5)=C2)N1,O=C1CCC(C(=O)OC2=Cc3ccccc3C3C=CC4=CC=CC4=C23)N1
78544,COC[C@@H]1CCC[N+]1=[N-],(2S)-1-imino-2-(methoxymethyl)pyrrolidinium,N=[N+]1[C@@H](CCC1)COC,COC[C@@H]1CCC[N+]1=[N-],COC[C@@H]1CCC[N+]1=N
78667,CCO[P+]([O-])(OCC)N1CC=C(c2ccccc2)CC1,"1-(diethoxyphosphoryl)-4-phenyl-1,2,3,6-tetrahydropyridine",C(C)OP(=O)(OCC)N1CCC(=CC1)C1=CC=CC=C1,CCO[P+]([O-])(OCC)N1CC=C(c2ccccc2)CC1,CCOP(=O)(OCC)N1CC=C(c2ccccc2)CC1
79511,ClC1(Cl)C=CC=C2[SiH]=c3ccccc3=C21,"1,1-dichloro-5H-dibenzo[b,d]silole",ClC1(CC=CC=2[SiH2]C3=C(C21)C=CC=C3)Cl,ClC1(Cl)C=CC=C2[SiH]=c3ccccc3=C21,ClC1(Cl)CC=CC2=C1c1ccccc1[SiH2]2
79807,FI(I)I(I)I(I)I(I)I(I)I(I)I(I)I(I)I(I)I(I)I(I)I,,,FI(I)I(I)I(I)I(I)I(I)I(I)I(I)I(I)I(I)I(I)I(I)I,
80122,[BH3-][P+](N[C@H]1c2ccccc2C[C@H]1O)(c1ccccc1)C(C)(C)C,"(1S,2R)-1-((boryl(tert-butyl)(phenyl)phosphanyl)amino)-2,3-dihydro-1H-inden-2-ol",BP(C1=CC=CC=C1)(C(C)(C)C)N[C@@H]1[C@@H](CC2=CC=CC=C12)O,[BH3-][P+](N[C@H]1c2ccccc2C[C@H]1O)(c1ccccc1)C(C)(C)C,B[PH](N[C@H]1c2ccccc2C[C@H]1O)(c1ccccc1)C(C)(C)C
80294,O=C(CN1C(=O)[C@@H]2C3c4ccccc4C(c4ccccc43)[C@@H]2C1=O)Oc1cccc2cccnc12,,,O=C(Cn1c(O)c2c(c1O)C1c3ccccc3C2c2ccccc21)Oc1cccc2cccnc12,
80395,NC(N)=NN=CC1=C(Cl)CCCC1,,,N=C(N)NN=CC1=C(Cl)CCCC1,
80573,Cc1cc(/C=N/N=C(N)N)c(C)n1-c1nccs1,"2,5-dimethyl-1-(1,3-thiazol-2-yl)-1H-pyrrole-3-carbaldehyde amidinohydrazone",C(N)(=N)NN=CC1=C(N(C(=C1)C)C=1SC=CN1)C,Cc1cc(/C=N/N=C(N)N)c(C)n1-c1nccs1,Cc1cc(C=NN=C(N)N)c(C)n1-c1nccs1
81949,CC1(C)OC(=O)C[C@@H](O)[C@@]2(C)[C@@H]1CC(=O)[C@]1(C)[C@H]2[C@H](O)C[C@@]2(C)[C@@H](c3ccoc3)OC(=O)[C@@H]3O[C@]321,"(5R,5aR,5bS,6R,7aS,8R,10aR,11aR,11bR,13aS)-8-(furan-3-yl)-5,6-dihydroxy-1,1,5a,7a,11b-pentamethyldecahydrooxireno[2'',3'':3',4']pyrano[4',5':1,2]naphtho[6,5-c]oxepine-3,10,12(1H,4H,10aH)-trione",,CC1(C)OC(=O)C[C@@H](O)[C@@]2(C)[C@@H]1CC(=O)[C@]1(C)[C@H]2[C@H](O)C[C@@]2(C)[C@@H](c3ccoc3)OC(=O)C3O[C@]321,
82722,NC(N)=NN=Cc1ccc(C2CCNCC2)cc1,,,N=C(N)NN=Cc1ccc(C2CCNCC2)cc1,
83101,CCOc1cc(/C=N/N=C/c2ccc(O)c(F)c2)ccc1O,,,CCOc1cc(C=NN=Cc2ccc(O)c(F)c2)ccc1O,
83124,C=C(CN(CC[P+]([O-])(OCC)OCC)CC(=C)C(=O)OCC)C(=O)OCC,ethyl 2-(((2-(diethoxyphosphoryl)ethyl)(2-(ethoxycarbonyl)prop-2-en-1-yl)amino)methyl)prop-2-enoate,C(C)OP(=O)(OCC)CCN(CC(=C)C(=O)OCC)CC(C(=O)OCC)=C,C=C(CN(CC[P+]([O-])(OCC)OCC)CC(=C)C(=O)OCC)C(=O)OCC,C=C(CN(CCP(=O)(OCC)OCC)CC(=C)C(=O)OCC)C(=O)OCC
85574,NC(N)=NN=Cc1cc([N+](=O)[O-])c(Cl)cc1F,,,N=C(N)NN=Cc1cc([N+](=O)[O-])c(Cl)cc1F,
86065,C=CC[Si@H](C)c1ccccc1,(methyl(prop-2-en-1-yl)silyl)benzene,C[SiH](CC=C)C1=CC=CC=C1,C=CC[Si@H](C)c1ccccc1,C=CC[SiH](C)c1ccccc1
86876,PP(P)P(P=S)P(P)P,,,PP(P)P(P=S)P(P)P,
87101,C1=CC([C+]2[N-]C(c3ccccc3)=NC(c3ccc(Cc4ccccc4)cc3)[N-]2)=C[CH+]1,"4-(4-benzylphenyl)-2-(cyclopenta-1,4-dien-1-yl)-6-phenyl-1,2,3,4-tetrahydro-1,3,5-triazin-1-ide",C(C1=CC=CC=C1)C1=CC=C(C=C1)C1NC([N-]C(=N1)C1=CC=CC=C1)C1=CCC=C1,C1=CC([C+]2[N-]C(c3ccccc3)=NC(c3ccc(Cc4ccccc4)cc3)[N-]2)=C[CH+]1,C1=CC(C2N=C(c3ccccc3)NC(c3ccc(Cc4ccccc4)cc3)N2)=CC1
88641,CC(/C=C/C1=C(c2cnc[nH]2)CCCC1(C)C)=C\C=C\C(C)=C\C(=O)O,"(2E,4E,6E,8E)-9-(2-(1H-imidazol-5-yl)-6,6-dimethylcyclohex-1-en-1-yl)-3,7-dimethylnona-2,4,6,8-tetraenoic acid",N1C=NC=C1C1=C(C(CCC1)(C)C)/C=C/C(=C/C=C/C(=C/C(=O)O)/C)/C,CC(=C/C=C/C(C)=C/C(=O)O)CC=C1C(c2c[nH]cn2)=CCCC1(C)C,CC(/C=C/C=C(\C)CC=C1C(c2c[nH]cn2)=CCCC1(C)C)=C\C(=O)O
89228,C=C/C(=C(C)\C(=C/C)c1cccc(C)c1C)c1cc(C)c(CC)c(C)c1,"5-((3E,5Z)-5-(2,3-dimethylphenyl)-4-methylhepta-1,3,5-trien-3-yl)-2-ethyl-1,3-dimethylbenzene",CC1=C(C=CC=C1C)/C(/C(=C(\C=C)/C=1C=C(C(=C(C1)C)CC)C)/C)=C\C,C=C/C(=C(C)\C(=C/C)c1cccc(C)c1C)c1cc(C)c(CC)c(C)c1,C=C/C(=C(C)\C(=C\C)c1cccc(C)c1C)c1cc(C)c(CC)c(C)c1
89332,CC(C)O[P+]([O-])(COCCn1cc(-c2cccc([N+](=O)[O-])c2)c(=O)[nH]c1=O)OC(C)C,"1-(2-(((diisopropoxyphosphoryl)methyl)oxy)ethyl)-5-(3-nitrophenyl)pyrimidine-2,4(1H,3H)-dione",C(C)(C)OP(=O)(OC(C)C)COCCN1C(NC(C(=C1)C1=CC(=CC=C1)[N+](=O)[O-])=O)=O,CC(C)O[P+]([O-])(COCCn1cc(-c2cccc([N+](=O)[O-])c2)c(=O)[nH]c1=O)OC(C)C,CC(C)OP(=O)(COCCn1cc(-c2cccc([N+](=O)[O-])c2)c(=O)[nH]c1=O)OC(C)C
90288,Cc1ccc2c(c1)=c1ccc3c4c(ccc=2c14)=c1cc(F)sc1=3,"2-fluoro-8-methylindeno[1'',2'',3'':4',4a',5']naphtho[1',8a',8':1,2,3]cyclopenta[4,5-b]thiophene",FC1=CC2=C(S1)C=1C3=C2C=CC2=C3C(=CC1)C=1C=C(C=CC12)C,Cc1ccc2c(c1)=c1ccc3c4c(ccc=2c14)=c1cc(F)sc1=3,Cc1ccc2c(c1)-c1ccc3c4c(ccc-2c14)-c1cc(F)sc1-3
90449,COc1cc([N+](=O)[O-])ccc1N1C(=O)[C@H]2C3c4ccccc4C(C)(c4ccccc43)[C@H]2C1=O,,,COc1cc([N+](=O)[O-])ccc1-n1c(O)c2c(c1O)C1(C)c3ccccc3C2c2ccccc21,
90780,O=S1CCN(CCOc2ccc(C3CCC4(CC3)OOC3(O4)C4CC5CC(C4)CC3C5)cc2)CC1,,,[O-][S+]1CCN(CCOc2ccc(C3CCC4(CC3)OOC3(O4)C4CC5CC(C4)CC3C5)cc2)CC1,
91080,O=C(c1cnccn1)N1CC2(CN(CC3CC3)C[C@@]23C(=O)Nc2ccccc23)C1,,,O=C(c1cnccn1)N1CC2(CN(CC3CC3)C[C@@]23C(=O)Nc2ccccc23)C1,
92987,CC(C)(C)OC(=O)N[C@@H]1CC[C@@]2(C1)C(=O)N1Cc3cc(C(F)(F)F)cnc3CC13CCCC32,,,CC(C)(C)OC(=O)N[C@@H]1CC[C@@]2(C1)C(=O)N1Cc3cc(C(F)(F)F)cnc3CC13CCCC32,
93328,CC(=O)O[C@H]1OC[C@@]23C(=O)C[C@@H](C)[C@]1(C[C@H](O)c1ccoc1)[C@H]2CC[C@H](OC(C)=O)[C@]31CO1,,,CC(=O)O[C@H]1OC[C@@]23C(=O)C[C@@H](C)[C@]1(C[C@H](O)c1ccoc1)[C@H]2CC[C@H](OC(C)=O)[C@]31CO1,
93372,CCO[P+]([O-])(C#C[C@H]1O[C@@H](n2ccc(=O)[nH]c2=O)[C@@H]2OC(C)(C)O[C@@H]21)OCC,"1-((3aR,4R,6R,6aR)-6-(2-(diethoxyphosphoryl)ethynyl)-2,2-dimethyltetrahydro-2H-furo[3,4-d][1,3]dioxol-4-yl)pyrimidine-2,4(1H,3H)-dione",C(C)OP(=O)(OCC)C#C[C@H]1O[C@H]([C@H]2[C@@H]1OC(O2)(C)C)N2C(NC(C=C2)=O)=O,CCO[P+]([O-])(C#C[C@H]1O[C@@H](n2ccc(=O)[nH]c2=O)[C@@H]2OC(C)(C)O[C@@H]21)OCC,CCOP(=O)(C#C[C@H]1O[C@@H](n2ccc(=O)[nH]c2=O)[C@@H]2OC(C)(C)O[C@@H]21)OCC
94588,Cc1ccc(C=NN=C(c2ccccc2)c2ccc(CCC(C)F)cc2)cc1,,,Cc1ccc(C=NN=C(c2ccccc2)c2ccc(CCC(C)F)cc2)cc1,
95042,Cc1cc(/C=C(\C#N)c2nc3ccccc3[nH]2)c(C)n1-c1ccccc1C(=O)O,"2-(3-((1Z)-2-(1H-benzimidazol-2-yl)-3-nitriloprop-1-en-1-yl)-2,5-dimethyl-1H-pyrrol-1-yl)benzoic acid",N1C(=NC2=C1C=CC=C2)\C(=C/C2=C(N(C(=C2)C)C2=C(C(=O)O)C=CC=C2)C)\C#N,Cc1cc(/C=C(\C#N)c2nc3ccccc3[nH]2)c(C)n1-c1ccccc1C(=O)O,Cc1cc(/C=C(/C#N)c2nc3ccccc3[nH]2)c(C)n1-c1ccccc1C(=O)O
95290,C/C(=N\N=C\COCc1ccccc1)c1cccc(F)c1,,,C/C(=N\N=C\COCc1ccccc1)c1cccc(F)c1,
95291,O=C1[C@@H]2C3c4ccccc4C(c4ccccc43)[C@H]2C(=O)N1/N=C\c1ccccc1Cl,,,Oc1c2c(c(O)n1/N=C\c1ccccc1Cl)C1c3ccccc3C2c2ccccc21,
95844,Cc1c(C(=O)N(C2CC2)C(C)c2cccc(C(F)(F)F)c2)[nH]c2c1C(=O)CCC2,"N-cyclopropyl-3-methyl-4-oxo-N-(1-(3-(trifluoromethyl)phenyl)ethyl)-4,5,6,7-tetrahydro-1H-indole-2-carboxamide",C1(CC1)N(C(=O)C=1NC=2CCCC(C2C1C)=O)C(C)C1=CC(=CC=C1)C(F)(F)F,Cc1c(C(=O)N(C2CC2)C(C)c2cccc(C(F)(F)F)c2)[nH]c2c1C(=O)CCC2,Cc1c(C(O)N(C2CC2)C(C)c2cccc(C(F)(F)F)c2)[nH]c2cccc(O)c12
96233,C[Si](C)(C)N=P(C)(C)CP(C)(C)=N,(dimethyl((trimethylsilyl)imino)phosphanyl)(iminodimethylphosphanyl)methane,CP(=N[Si](C)(C)C)(C)CP(C=N)C,C[Si](C)(C)N=P(C)(C)CP(C)(C)=N,CP(C=N)CP(C)(C)=N[Si](C)(C)C
97731,O=[N+]([O-])c1ccccc1C=NN=CC1=C(N2CCOCC2)C(=Cc2ccccc2)CC1,,,O=[N+]([O-])c1ccccc1C=NN=CC1=C(N2CCOCC2)C(=Cc2ccccc2)CC1,
97815,CC(C#N)CN=NC(c1ccc(C(=O)OOC(=O)c2cccc(Cl)c2Cl)c(Cl)c1Cl)C(C)C#N,,,CC(C#N)CN=NC(c1ccc(C(=O)OOC(=O)c2cccc(Cl)c2Cl)c(Cl)c1Cl)C(C)C#N,
97989,Cc1cn([C@H]2CC(O[P@]3O[C@](C)(c4ccccc4)[C@@H]4CCCN43)[C@@H](CO)O2)c(=O)[nH]c1=O,"1-((2R,5R)-5-(hydroxymethyl)-4-(((1R,3R,3aS)-3-methyl-3-phenyltetrahydro-3H-pyrrolo[1,2-c][1,3,2]oxazaphosphol-1-yl)oxy)oxolan-2-yl)-5-methylpyrimidine-2,4(1H,3H)-dione",OC[C@@H]1C(C[C@@H](O1)N1C(NC(C(=C1)C)=O)=O)O[P@@]1O[C@@]([C@H]2N1CCC2)(C2=CC=CC=C2)C,Cc1cn([C@H]2CC(O[P@]3O[C@](C)(c4ccccc4)[C@@H]4CCCN43)[C@@H](CO)O2)c(=O)[nH]c1=O,Cc1cn([C@H]2CC(O[P@@]3O[C@](C)(c4ccccc4)[C@@H]4CCCN43)[C@@H](CO)O2)c(=O)[nH]c1=O
98095,O=P1(c2ccccc2)NCc2ccccc21,"1-oxo-1-phenyl-3,3a-dihydro-2H-1lambda^5-benzo[c][1,2]azaphosphole",O=P1(NCC2C1=CC=CC2)C2=CC=CC=C2,O=P1(c2ccccc2)NCc2ccccc21,O=P1(c2ccccc2)NCC2CC=CC=C21
98151,C=C/C(N)=C\C(C(=O)NCC(O)CN1CCc2ccccc2C1)=C(/C)F,"(2Z,3E)-4-amino-2-(1-fluoroethylidene)-N-(2-hydroxy-3-(1,2,3,4-tetrahydroisoquinolin-2-yl)propyl)hexa-3,5-dienamide",N/C(=C/C(/C(=O)NCC(CN1CC2=CC=CC=C2CC1)O)=C(\C)/F)/C=C,C=CC(=N)CC(C(=O)NCC(O)CN1CCc2ccccc2C1)=C(C)F,C=CC(=N)C/C(C(=O)NCC(O)CN1CCc2ccccc2C1)=C(\C)F
98222,CC1(C)[C@H]2CC[C@@]1(c1ccnc(-c3ccc(N)nc3)n1)c1nnc(-c3c(F)cccc3F)cc12,"5-(4-((1R,8R)-5-(2,6-difluorophenyl)-11,11-dimethyl-3,4-diazatricyclo[6.2.1.0^{2,7}]undeca-2(7),3,5-trien-1-yl)pyrimidin-2-yl)pyridin-2-amine",FC1=C(C(=CC=C1)F)C=1N=NC=2[C@]3(CC[C@@H](C2C1)C3(C)C)C3=NC(=NC=C3)C=3C=CC(=NC3)N,CC1(C)[C@H]2CC[C@@]1(c1ccnc(-c3ccc(N)nc3)n1)c1nnc(-c3c(F)cccc3F)cc12,CC1(C)[C@H]2CC[C@]1(c1ccnc(-c3ccc(N)nc3)n1)c1nnc(-c3c(F)cccc3F)cc12
98667,O=P[C@@]1(Cl)C2C[C@H]3C[C@H](C2)CC1(C12CC4CC(CC(C4)C1)C2)C3,"((2R,5R,7R)-1-(adamantan-1-yl)-2-chloroadamantan-2-yl)phosphane oxide",C12(CC3CC(CC(C1)C3)C2)C23[C@@](C1C[C@@H](C[C@@H](C2)C1)C3)(Cl)[PH2]=O,O=P[C@@]1(Cl)C2C[C@H]3C[C@H](C2)CC1(C12CC4CC(CC(C4)C1)C2)C3,O=[PH2][C@@]1(Cl)C2C[C@H]3C[C@H](C2)CC1(C12CC4CC(CC(C4)C1)C2)C3
